challenge_id,category,subcategory,duration_days,difficulty,title_en,description_en,title_ar,description_ar,title_fr,description_fr
challenge-ears-backbiting-01,ears,listening_to_backbiting,1,easy,Walk Away from Gossip,"Today, politely leave any group or space where backbiting starts — even if it's subtle.",أوقف النميمة,اليوم، إذا سمعت نميمة، قل 'لا أريد أن أسمع هذا' أو اتركهم.,Arrêter les commérages,"Aujourd'hui, si vous entendez des commérages, dites 'Je ne veux pas entendre cela' ou quittez-les."
challenge-ears-backbiting-02,ears,listening_to_backbiting,3,medium,3-Day Backbiting Filter,"If anyone speaks ill of someone absent, change the subject or excuse yourself for 3 days.",تطهير الأذن لمدة 3 أيام,لمدة 3 أيام، تجنب الاستماع إلى النميمة أو الغيبة.,Nettoyage des oreilles de 3 jours,"Pendant 3 jours, évitez d'écouter les commérages ou la médisance."
challenge-ears-backbiting-03,ears,listening_to_backbiting,7,medium,Gossip-Free Week,Avoid listening to backbiting in any form (in-person or digital) for 7 days.,7 أيام من الاستماع المطهر,لمدة أسبوع، استمع فقط إلى ما هو مفيد وإيجابي.,7 jours d'écoute purifiée,"Pendant une semaine, écoutez seulement ce qui est utile et positif."
challenge-ears-gossip-01,ears,enjoying_gossip,1,easy,Turn It Off,"Don't listen to or click on any content that involves drama, scandals, or celebrity gossip today.",أغلق المحتوى,لا تستمع أو تنقر على أي محتوى يتضمن دراما أو فضائح أو نميمة مشاهير اليوم.,Éteignez-le,"N'écoutez pas ou ne cliquez pas sur du contenu impliquant des drames, des scandales ou des potins de célébrités aujourd'hui."
challenge-ears-gossip-02,ears,enjoying_gossip,7,medium,7-Day Gossip Detox,"For 1 week, avoid all audio content that shames, exposes, or mocks others.",نظافة الأذن لمدة 3 أيام,لمدة 3 أيام، تجنب جميع أشكال الاستماع للنميمة أو الدراما أو الفضائح.,Nettoyage des oreilles de 3 jours,"Pendant 3 jours, évitez toutes les formes d'écoute de commérages, de drames ou de scandales."
challenge-ears-gossip-03,ears,enjoying_gossip,14,hard,14-Day Honour Guard,"For 2 weeks, do not entertain any talk or audio that humiliates or mocks people.",14 يوماً من حراسة الشرف,لمدة أسبوعين، كن حارساً للشرف ولا تستمع لما يضر بسمعة الآخرين.,14 jours de garde d'honneur,"Pendant deux semaines, soyez un gardien de l'honneur et n'écoutez pas ce qui nuit à la réputation des autres."
challenge-ears-harmful-01,ears,tolerating_harmful_speech,1,easy,Speak Up or Exit,"Today, if someone uses harmful speech in your presence, kindly redirect or leave.",تجنب الكلام الضار,اليوم، تجنب الاستماع إلى أي كلام يضر بك أو بالآخرين.,Éviter les paroles nuisibles,"Aujourd'hui, évitez d'écouter toute parole qui vous nuit ou nuit aux autres."
challenge-ears-harmful-02,ears,tolerating_harmful_speech,3,medium,3-Day Harm-Free Space,Create an environment around you where no foul or harmful speech is tolerated.,مساحة خالية من الضرر لمدة 3 أيام,لمدة 3 أيام، اخلق مساحة خالية من الكلام الضار.,Espace sans dommage de 3 jours,"Pendant 3 jours, créez un espace exempt de paroles nuisibles."
challenge-ears-harmful-03,ears,tolerating_harmful_speech,7,medium,7 Days of Listening With Dignity,"For 7 days, avoid any gathering where speech is cruel, sarcastic, or vulgar.",7 أيام من الاستماع بكرامة,لمدة أسبوع، استمع فقط لما يحفظ كرامتك وكرامة الآخرين.,7 jours d'écoute avec dignité,"Pendant une semaine, écoutez seulement ce qui préserve votre dignité et celle des autres."
challenge-ears-inappropriate-01,ears,inappropriate_content,1,easy,Mute the Profanity,"No music, shows, or clips with cursing or indecent jokes today.",كتم الألفاظ النابية,اليوم، تجنب الاستماع إلى الموسيقى أو المحتوى ذي الكلمات النابية.,Couper la vulgarité,"Aujourd'hui, évitez d'écouter de la musique ou du contenu avec des mots vulgaires."
challenge-ears-inappropriate-02,ears,inappropriate_content,7,medium,7-Day Sound Purification,"Avoid indecent audio: music, podcasts, or anything vulgar — for 1 week.",تطهير الصوت لمدة 7 أيام,لمدة أسبوع، تجنب كل المحتوى الصوتي غير اللائق.,Purification sonore de 7 jours,"Pendant une semaine, évitez tout contenu audio inapproprié."
challenge-ears-inappropriate-03,ears,inappropriate_content,14,hard,14-Day Clean Feed,"Silence all platforms or channels that use mocking, obscene, or crass audio.",تغذية نظيفة لمدة 14 يوماً,لمدة أسبوعين، استمع فقط إلى المحتوى الطاهر والمفيد.,Alimentation propre de 14 jours,"Pendant deux semaines, écoutez seulement du contenu pur et utile."
challenge-ears-eavesdrop-01,ears,eavesdropping,1,easy,Respect the Boundary,"If you overhear something private, resist engaging or remembering it.",احترم الحدود,اليوم، تجنب الاستماع إلى المحادثات الخاصة. احترم خصوصية الآخرين.,Respecter les limites,"Aujourd'hui, évitez d'écouter les conversations privées. Respectez l'intimité des autres."
challenge-ears-eavesdrop-02,ears,eavesdropping,3,medium,3-Day Ears of Trust,Walk away from any private conversation that you're not invited into.,آذان الثقة لمدة 3 أيام,لمدة 3 أيام، كن أهلاً للثقة في ما تسمعه.,Oreilles de confiance de 3 jours,"Pendant 3 jours, soyez digne de confiance dans ce que vous entendez."
challenge-ears-eavesdrop-03,ears,eavesdropping,7,medium,7-Day Eavesdropping Fast,"Avoid all forms of passive eavesdropping, digital or in-person, for a week.",صوم التجسس لمدة 7 أيام,لمدة أسبوع، تجنب التجسس على المحادثات الخاصة.,Jeûne d'espionnage de 7 jours,"Pendant une semaine, évitez d'espionner les conversations privées."
challenge-ears-defend-01,ears,failing_to_defend,1,easy,Say One Good Word,"When you hear someone insulted, say one positive thing about them in response.",قل كلمة طيبة واحدة,اليوم، دافع عن شخص غائب بكلمة طيبة واحدة.,Dire un bon mot,"Aujourd'hui, défendez une personne absente avec un bon mot."
challenge-ears-defend-02,ears,failing_to_defend,3,medium,Voice of Honour – 3 Days,Speak up kindly whenever you witness someone being verbally diminished.,صوت الشرف - 3 أيام,لمدة 3 أيام، كن صوتاً للشرف والدفاع عن الغائبين.,Voix d'honneur - 3 jours,"Pendant 3 jours, soyez une voix d'honneur et défendez les absents."
challenge-ears-defend-03,ears,failing_to_defend,14,hard,14-Day Honour Defender,Actively defend the dignity of others — especially the absent — for 2 full weeks.,مدافع الشرف لمدة 14 يوماً,لمدة أسبوعين، كن مدافعاً ثابتاً عن شرف الآخرين.,Défenseur d'honneur de 14 jours,"Pendant deux semaines, soyez un défenseur constant de l'honneur des autres."
challenge-ears-beneficial-01,ears,neglecting_beneficial_speech,1,easy,"One Hadith, One Reflection",Listen to one hadith or Qur'anic audio today and reflect on it.,حديث واحد، تأمل واحد,اليوم، استمع إلى حديث واحد وتأمل في معناه.,"Un hadith, une réflexion","Aujourd'hui, écoutez un hadith et réfléchissez à sa signification."
challenge-ears-beneficial-02,ears,neglecting_beneficial_speech,7,medium,7-Day Wisdom Feed,"For a week, listen to beneficial Islamic content — avoid everything else during that time.",تغذية الحكمة لمدة 7 أيام,لمدة أسبوع، استمع يومياً إلى محتوى إسلامي مفيد.,Alimentation de sagesse de 7 jours,"Pendant une semaine, écoutez quotidiennement du contenu islamique utile."
challenge-ears-beneficial-03,ears,neglecting_beneficial_speech,14,hard,14-Day Learning Audio Habit,Replace idle listening with Islamic podcasts or Qur'an recitation for 14 days.,عادة التعلم الصوتي لمدة 14 يوماً,لمدة أسبوعين، اجعل الاستماع للعلم النافع عادة يومية.,Habitude d'apprentissage audio de 14 jours,"Pendant deux semaines, faites de l'écoute de la connaissance utile une habitude quotidienne."
challenge-eyes-lustful-01,eyes,lustful_gaze,1,easy,Lower Your Gaze Challenge,Avoid looking at anyone or anything immodest today. Practise intentional lowering of the gaze.,غض البصر لمدة يوم واحد,اليوم، اغضض بصرك فور رؤية أي شيء حرام. لا تنظر مرة ثانية.,Baisser le regard pour un jour,"Aujourd'hui, baissez votre regard dès que vous voyez quelque chose d'illicite. Ne regardez pas une seconde fois."
challenge-eyes-lustful-02,eyes,lustful_gaze,7,medium,Lust-Free Vision – 7 Days,"Be mindful of desire in your gaze. Lower your eyes instantly upon temptation, for a full week.",أسبوع غض البصر,لمدة 7 أيام، مارس غض البصر عن كل ما هو حرام باستمرار.,Semaine de baissement du regard,"Pendant 7 jours, pratiquez constamment le fait de baisser le regard de tout ce qui est illicite."
challenge-eyes-lustful-03,eyes,lustful_gaze,14,hard,14 Days of Gaze Purity,Avoid all lustful looking — in real life or online. Reflect daily on self-control and dignity.,14 يوماً من تطهير النظر,لمدة أسبوعين، تجنب النظر إلى أي محتوى يثير الشهوة.,14 jours de purification du regard,"Pendant deux semaines, évitez de regarder tout contenu qui éveille la luxure."
challenge-eyes-prolonged-01,eyes,prolonged_gaze,1,easy,Catch Yourself Staring,"If you catch yourself staring, gently blink and look away. Practise this 5 times today.",تجنب النظر الطويل,اليوم، تجنب النظر الطويل إلى الأشخاص. انظر واصرف بصرك.,Éviter le regard prolongé,"Aujourd'hui, évitez de regarder longuement les gens. Regardez et détournez votre regard."
challenge-eyes-prolonged-02,eyes,prolonged_gaze,7,medium,Respectful Eyes – 7 Days,"For one week, train yourself to keep your gaze respectful, calm, and brief.",أسبوع من النظر المحترم,لمدة 7 أيام، تدرب على النظر المحترم والمناسب فقط.,Semaine de regard respectueux,"Pendant 7 jours, pratiquez seulement un regard respectueux et approprié."
challenge-eyes-prolonged-03,eyes,prolonged_gaze,14,hard,14-Day Gaze Discipline,Avoid lingering looks. Respond to every temptation by remembering Allah.,14 يوماً من انضباط النظر,لمدة أسبوعين، اتقن فن النظر المحترم والمناسب.,14 jours de discipline du regard,"Pendant deux semaines, maîtrisez l'art du regard respectueux et approprié."
challenge-eyes-images-01,eyes,prohibited_images,1,easy,One Day Screen Filter,"No inappropriate images today — no scrolling, no media, no excuses.",يوم بلا صور محرمة,اليوم، تجنب النظر إلى أي صور أو مقاطع فيديو غير لائقة.,Jour sans images interdites,"Aujourd'hui, évitez de regarder des images ou vidéos inappropriées."
challenge-eyes-images-02,eyes,prohibited_images,7,medium,7-Day Visual Detox,"Avoid social media, movies, or ads that display indecency or glamorise sin.",تطهير بصري لمدة 7 أيام,تجنب وسائل التواصل الاجتماعي أو الأفلام أو الإعلانات التي تعرض الفحش أو تمجد الخطيئة.,Désintoxication visuelle de 7 jours,"Évitez les médias sociaux, les films ou les publicités qui affichent l'indécence ou glorifient le péché."
challenge-eyes-images-03,eyes,prohibited_images,14,hard,14-Day Purity Media Fast,"For 2 weeks, actively avoid all exposure to haram visual content.",صوم وسائل الإعلام المطهرة لمدة 14 يوماً,لمدة أسبوعين، تجنب بنشاط كل تعرض للمحتوى البصري الحرام.,Jeûne médiatique de pureté de 14 jours,"Pendant 2 semaines, évitez activement toute exposition au contenu visuel haram."
challenge-eyes-judging-01,eyes,judging_by_appearance,1,easy,Look With Mercy,"Today, when you look at someone, ask: 'How does Allah see them?' Not 'How do I?'",انظر برحمة,اليوم، عندما تنظر إلى شخص، اسأل: 'كيف يراهم الله؟' وليس 'كيف أراهم أنا؟',Regardez avec miséricorde,"Aujourd'hui, quand vous regardez quelqu'un, demandez: 'Comment Allah les voit-Il?' Pas 'Comment je les vois?'"
challenge-eyes-judging-02,eyes,judging_by_appearance,7,medium,7 Days of Inner Vision,"Avoid judging anyone based on clothes, face, or body. See the soul, not the shell.",7 أيام من الرؤية الداخلية,تجنب الحكم على أي شخص بناءً على الملابس أو الوجه أو الجسم. انظر إلى الروح، وليس القشرة.,7 jours de vision intérieure,"Évitez de juger quelqu'un basé sur les vêtements, le visage ou le corps. Voyez l'âme, pas l'enveloppe."
challenge-eyes-judging-03,eyes,judging_by_appearance,14,hard,2 Weeks of Dignified Gaze,Practice humility: speak kindly to anyone you might normally overlook.,أسبوعان من النظر الكريم,لمدة أسبوعين، تدرب على النظر إلى الناس بكرامة واحترام.,2 semaines de regard digne,"Pendant deux semaines, pratiquez regarder les gens avec dignité et respect."
challenge-eyes-envy-01,eyes,visual_envy,1,easy,Scroll Without Jealousy,"Today, browse mindfully — no comparison, no envy. Celebrate others' blessings.",تصفح بلا حسد,اليوم، تصفح وسائل التواصل دون أن تشعر بالحسد. احمد الله على نعمه.,Naviguer sans jalousie,"Aujourd'hui, naviguez sur les réseaux sociaux sans ressentir de jalousie. Remerciez Allah pour Ses bienfaits."
challenge-eyes-envy-02,eyes,visual_envy,7,medium,7 Days Without Comparison,"For one week, if you feel envy rise, say a du'a of blessing for the other person.",7 أيام بلا مقارنة,لمدة أسبوع، تجنب مقارنة نفسك بالآخرين بصرياً.,7 jours sans comparaison,"Pendant une semaine, évitez de vous comparer visuellement aux autres."
challenge-eyes-envy-03,eyes,visual_envy,14,hard,14-Day Comparison Cleanse,Avoid all comparing your life to others' images. Focus on gratitude and self-worth.,تطهير المقارنة لمدة 14 يوماً,لمدة أسبوعين، تدرب على الامتنان بدلاً من المقارنة.,Nettoyage de comparaison de 14 jours,"Pendant deux semaines, pratiquez la gratitude au lieu de la comparaison."
challenge-eyes-staring-01,eyes,staring,1,easy,Polite Eyes Challenge,Make people feel respected by avoiding intense staring. Practise 5 mindful interactions.,تحدي العيون المؤدبة,اليوم، تجنب التحديق في الناس. انظر بأدب واحترام.,Défi des yeux polis,"Aujourd'hui, évitez de fixer les gens. Regardez avec politesse et respect."
challenge-eyes-staring-02,eyes,staring,7,medium,Stare-Free Week,"Rein in your gaze for 7 days — especially in shops, queues, and online.",أسبوع بلا تحديق,لمدة 7 أيام، تدرب على النظر المحترم دون تحديق.,Semaine sans fixation,"Pendant 7 jours, pratiquez le regard respectueux sans fixer."
challenge-eyes-staring-03,eyes,staring,14,hard,Respect the Space of Others,Go 14 days without letting your eyes linger where they are not welcome.,احترم مساحة الآخرين,لمدة أسبوعين، احترم الحدود البصرية للآخرين.,Respecter l'espace des autres,"Pendant deux semaines, respectez les limites visuelles des autres."
challenge-eyes-prayer-01,eyes,inattentiveness_in_prayer,1,easy,One Focused Prayer,"Today, try to complete one full prayer without looking around once.",صلاة واحدة مركزة,اليوم، صل صلاة واحدة بتركيز كامل، غاضاً بصرك عن كل ما يلهي.,Une prière concentrée,"Aujourd'hui, priez une prière avec une concentration totale, en détournant votre regard de toute distraction."
challenge-eyes-prayer-02,eyes,inattentiveness_in_prayer,7,medium,Prayer Eye Control – 7 Days,Train yourself to keep your eyes in sujood. Lower your gaze in every prayer for 7 days.,ضبط العين في الصلاة - 7 أيام,لمدة 7 أيام، تدرب على التركيز البصري في كل صلاة.,Contrôle des yeux en prière - 7 jours,"Pendant 7 jours, pratiquez la concentration visuelle dans chaque prière."
challenge-eyes-prayer-03,eyes,inattentiveness_in_prayer,14,hard,14-Day Salah Gaze Discipline,"For 2 weeks, guard your gaze during salah. Let your eyes lead your heart to humility.",14 يوماً من انضباط النظر في الصلاة,لمدة أسبوعين، اتقن التركيز البصري في الصلاة.,14 jours de discipline du regard en prière,"Pendant deux semaines, maîtrisez la concentration visuelle en prière."
challenge-heart-envy-01,heart,envy,1,easy,Make Du'a for the Blessed,"Today, make a heartfelt du'a for someone who has what you desire. Ask Allah to bless them more.",ادع للمبارك,اليوم، ادع دعاء صادق لشخص يملك ما ترغب فيه. اطلب من الله أن يبارك له أكثر.,Faire du'a pour les bénis,"Aujourd'hui, faites une du'a sincère pour quelqu'un qui a ce que vous désirez. Demandez à Allah de les bénir davantage."
challenge-heart-envy-02,heart,envy,3,medium,Gratitude Over Comparison – 3 Days,"Each day, list 3 things you have that you would never trade. Say Alhamdulillah sincerely.",الشكر بدلاً من المقارنة – 3 أيام,كل يوم، اذكر 3 أشياء تملكها ولن تتاجر بها أبداً. قل الحمد لله بصدق.,Gratitude plutôt que comparaison – 3 jours,"Chaque jour, listez 3 choses que vous avez et que vous n'échangeriez jamais. Dites Alhamdulillah sincèrement."
challenge-heart-envy-03,heart,envy,7,medium,7-Day Envy Cleanse,"For one week, replace every jealous thought with a praise of Allah or positive prayer.",تطهير الحسد لمدة 7 أيام,لمدة أسبوع، استبدل كل فكرة حسد بحمد الله أو دعاء إيجابي.,Nettoyage de l'envie de 7 jours,"Pendant une semaine, remplacez chaque pensée jalouse par une louange d'Allah ou une prière positive."
challenge-heart-pride-01,heart,pride,1,easy,Recall Your Origin,"Today, reflect on your creation and ultimate return. Remember your place before Allah.",تذكر أصلك,اليوم، تأمل في خلقك وعودتك الأخيرة. تذكر مكانتك أمام الله.,Rappelez-vous votre origine,"Aujourd'hui, réfléchissez à votre création et à votre retour ultime. Souvenez-vous de votre place devant Allah."
challenge-heart-pride-02,heart,pride,3,medium,Serve Someone Silently – 3 Days,Do something humble and unnoticed each day. Let it break your ego softly.,خدمة شخص بصمت – 3 أيام,افعل شيئاً متواضعاً وغير ملحوظ كل يوم. دعه يكسر غرورك برفق.,Servir quelqu'un en silence – 3 jours,Faites quelque chose d'humble et d'inaperçu chaque jour. Laissez cela briser votre ego doucement.
challenge-heart-pride-03,heart,pride,7,medium,7 Days of Sincere Equality,"For 7 days, treat everyone as better than yourself — inwardly and outwardly.",7 أيام من المساواة الصادقة,لمدة 7 أيام، تعامل مع الجميع كأنهم أفضل منك — داخلياً وخارجياً.,7 jours d'égalité sincère,"Pendant 7 jours, traitez tout le monde comme s'il était meilleur que vous — intérieurement et extérieurement."
challenge-heart-rancour-01,heart,rancour,1,easy,Let One Grudge Go,"Think of someone who hurt you. Say 'I forgive them' for Allah's sake, even silently.",اتركوا ضغينة واحدة,فكر في شخص آذاك. قل 'أسامحهم' لله، حتى لو كان في صمت.,Laissez partir une rancune,"Pensez à quelqu'un qui vous a fait du mal. Dites 'Je lui pardonne' pour Allah, même silencieusement."
challenge-heart-rancour-02,heart,rancour,3,medium,Du'a for the Difficult One – 3 Days,"Each day, make a short du'a for someone you dislike or avoid. Ask for their good.",دعاء للشخص الصعب - 3 أيام,كل يوم، ادع دعاء قصير لشخص لا تحبه أو تتجنبه. اطلب الخير له.,Du'a pour la personne difficile - 3 jours,"Chaque jour, faites une courte du'a pour quelqu'un que vous n'aimez pas ou évitez. Demandez leur bien."
challenge-heart-rancour-03,heart,rancour,7,hard,7-Day Grudge Cleanse,"Let go of resentment. For a week, avoid rethinking past pain. Forgive. Move forward.",تطهير الضغينة لمدة 7 أيام,لمدة أسبوع، تدرب على التسامح وتطهير قلبك من الضغائن.,Nettoyage de rancune de 7 jours,"Pendant une semaine, pratiquez le pardon et purifiez votre cœur des rancunes."
challenge-heart-empathy-01,heart,lack_of_empathy,1,easy,Call or Check on One Person,"Today, reach out to someone who may be lonely, sick, or struggling.",اتصل أو اطمئن على شخص واحد,تواصل مع شخص لم تتحدث معه منذ فترة واطمئن عليه.,Appelez ou prenez des nouvelles d'une personne,Contactez quelqu'un avec qui vous n'avez pas parlé depuis longtemps et prenez de ses nouvelles.
challenge-heart-empathy-02,heart,lack_of_empathy,3,medium,3-Day Mercy Lens,"For 3 days, try to see everyone through the lens of mercy. Assume they're fighting battles.",عدسة الرحمة - 3 أيام,لمدة 3 أيام، انظر إلى كل شخص بعين الرحمة والتفهم.,Lentille de miséricorde - 3 jours,"Pendant 3 jours, regardez chaque personne avec miséricorde et compréhension."
challenge-heart-empathy-03,heart,lack_of_empathy,7,medium,7-Day Compassion Practice,Actively help or show empathy to someone new each day. Journal what you felt.,ممارسة الرحمة لمدة 7 أيام,ساعد أو أظهر التعاطف مع شخص جديد كل يوم. اكتب ما شعرت به.,Pratique de compassion de 7 jours,Aidez activement ou montrez de l'empathie envers quelqu'un de nouveau chaque jour. Notez ce que vous avez ressenti.
challenge-heart-riya-01,heart,insincerity,1,easy,Hide a Good Deed,"Today, do something purely for Allah that no one knows about. Keep it secret.",اخف عملاً صالحاً,اليوم، افعل شيئاً خالصاً لله لا يعرفه أحد. احتفظ بسريته.,Cacher une bonne action,"Aujourd'hui, faites quelque chose purement pour Allah que personne ne connaît. Gardez-le secret."
challenge-heart-riya-02,heart,insincerity,3,medium,Du'a Before Deeds – 3 Days,Make intention and du'a for sincerity before each act of worship for 3 days.,دعاء قبل الأعمال - 3 أيام,اجعل النية والدعاء للإخلاص قبل كل عمل عبادة لمدة 3 أيام.,Du'a avant les actes - 3 jours,Faites l'intention et la du'a pour la sincérité avant chaque acte d'adoration pendant 3 jours.
challenge-heart-riya-03,heart,insincerity,7,medium,7 Days of Purified Intention,"Say 'This is for You, O Allah' before every public or visible action for one week.",7 أيام من النية المطهرة,قل 'هذا لك يا الله' قبل كل عمل عام أو مرئي لمدة أسبوع.,7 jours d'intention purifiée,"Dites 'C'est pour Vous, ô Allah' avant chaque action publique ou visible pendant une semaine."
challenge-heart-despair-01,heart,despair,1,easy,Read One Ayah of Mercy,"Today, read and reflect on an ayah that promises Allah's forgiveness. Let it enter your heart.",اقرأ آية رحمة واحدة,اقرأ آية واحدة عن رحمة الله. تأمل في معناها وتذكر أن الله غفور رحيم.,Lire un verset de miséricorde,Lisez un verset sur la miséricorde d'Allah. Réfléchissez à sa signification et rappelez-vous qu'Allah est Pardonneur et Miséricordieux.
challenge-heart-despair-02,heart,despair,3,medium,Du'a of Hope – 3 Days,"Each day, say: 'Ya Allah, I believe You love to forgive, so forgive me.' Say it with hope.",دعاء الأمل - 3 أيام,لمدة 3 أيام، ادع دعاء الأمل والتوبة كل صباح.,Du'a d'espoir - 3 jours,"Pendant 3 jours, faites une du'a d'espoir et de repentir chaque matin."
challenge-heart-despair-03,heart,despair,7,medium,7 Days of Hope Practice,"Reject despair for one week. Anytime doubt arises, counter it with a promise of Allah.",7 أيام من ممارسة الأمل,لمدة أسبوع، اذكر نفسك يومياً بأن الله يحب التوابين.,7 jours de pratique d'espoir,"Pendant une semaine, rappelez-vous quotidiennement qu'Allah aime ceux qui se repentent."
challenge-heart-hereafter-01,heart,neglect_of_hereafter,1,easy,Reflect on Death,Take 2 minutes today to imagine your grave and your meeting with Allah.,تأمل في الموت,اقض 10 دقائق في تذكر الموت والآخرة. كيف سيؤثر ذلك على أولوياتك؟,Réfléchir à la mort,Passez 10 minutes à vous rappeler la mort et l'au-delà. Comment cela affectera-t-il vos priorités?
challenge-heart-hereafter-02,heart,neglect_of_hereafter,3,medium,3-Day Akhirah Focus,"Each day, read one ayah or hadith about the Hereafter and reflect deeply.",تركيز الآخرة لمدة 3 أيام,لمدة 3 أيام، اسأل نفسك: 'هل هذا ينفعني في الآخرة؟' قبل كل قرار.,Focus sur l'au-delà - 3 jours,"Pendant 3 jours, demandez-vous: 'Est-ce que cela me profite dans l'au-delà?' avant chaque décision."
challenge-heart-hereafter-03,heart,neglect_of_hereafter,7,medium,7-Day Death Awareness Practice,"For one week, remind yourself of the Hereafter before each major decision.",7 أيام من ممارسة الوعي بالموت,لمدة أسبوع، اجعل تذكر الموت جزءاً من روتينك اليومي.,7 jours de pratique de conscience de la mort,"Pendant une semaine, faites du rappel de la mort une partie de votre routine quotidienne."
challenge-pride-religious-01,nose,religious_arrogance,1,easy,Worship Without Comparison,"Today, do not compare your worship or knowledge to anyone else's. Focus inward only.",العبادة بدون مقارنة,اليوم، لا تقارن عبادتك أو علمك بأي شخص آخر. ركز على الداخل فقط.,Adoration sans comparaison,"Aujourd'hui, ne comparez pas votre adoration ou vos connaissances à celles des autres. Concentrez-vous uniquement vers l'intérieur."
challenge-pride-religious-02,nose,religious_arrogance,3,medium,Hidden Deeds – 3 Days,Do one good deed each day in complete secrecy. Tell no one. Not even in hint.,أعمال خفية – 3 أيام,افعل عملاً صالحاً كل يوم في سرية تامة. لا تخبر أحداً. حتى لو بتلميح.,Bonnes actions cachées – 3 jours,Faites une bonne action chaque jour en secret complet. Ne le dites à personne. Même pas par allusion.
challenge-pride-religious-03,nose,religious_arrogance,7,medium,7 Days of Sincere Humility,"For one week, focus on your flaws during worship. Reflect on how far you are from Allah.",7 أيام من التواضع الصادق,لمدة أسبوع، تدرب على التواضع الحقيقي في أمور الدين.,7 jours d'humilité sincère,"Pendant une semaine, pratiquez l'humilité véritable dans les affaires religieuses."
challenge-pride-social-01,nose,social_superiority,1,easy,Greet Everyone First,Greet people today regardless of status — from cleaner to executive — equally and sincerely.,سلم على الجميع أولاً,سلم على الناس اليوم بغض النظر عن المكانة — من عامل النظافة إلى المدير التنفيذي — بشكل متساوٍ وبصدق.,Saluez tout le monde en premier,Saluez les gens aujourd'hui quel que soit leur statut — du nettoyeur au cadre — de manière égale et sincère.
challenge-pride-social-02,nose,social_superiority,1,easy,Eat with the 'Lowly',Sit or eat with someone you might subconsciously look down on. Do it with joy and love.,كل مع 'المتواضعين',اجلس أو تناول الطعام مع شخص قد تنظر إليه بتعالٍ لاشعوري. افعل ذلك بفرح ومحبة.,Mangez avec les 'humbles',Asseyez-vous ou mangez avec quelqu'un que vous pourriez inconsciemment mépriser. Faites-le avec joie et amour.
challenge-pride-social-03,nose,social_superiority,14,hard,14-Day Superiority Cleanse,Avoid all thoughts or speech that imply you're better than anyone — for two full weeks.,تطهير التفوق لمدة 14 يوماً,لمدة أسبوعين، تخلص من مشاعر التفوق على الآخرين.,Nettoyage de supériorité de 14 jours,"Pendant deux semaines, éliminez les sentiments de supériorité sur les autres."
challenge-pride-appearance-01,nose,appearance_pride,1,easy,No Mirror Praise,Do not admire yourself in a mirror or selfie today. Say 'Allahumma kama hassanta khalqi…',لا مدح أمام المرآة,لا تُعجب بنفسك في المرآة أو السيلفي اليوم. قل 'اللهم كما حسنت خلقي…',Pas d'éloge devant le miroir,Ne vous admirez pas dans un miroir ou un selfie aujourd'hui. Dites 'Allahumma kama hassanta khalqi…'
challenge-pride-appearance-02,nose,appearance_pride,3,medium,Dress Simply – 3 Days,"Wear something modest and simple — not for others, but to purify your intent.",البساطة في الزي - 3 أيام,لمدة 3 أيام، اختر الملابس البسيطة وتجنب التفاخر.,Simplicité vestimentaire - 3 jours,"Pendant 3 jours, choisissez des vêtements simples et évitez l'ostentation."
challenge-pride-appearance-03,nose,appearance_pride,7,medium,7-Day Vanity Cleanse,"Avoid all vanity-related actions or thoughts — beauty, clothes, or strength — for 7 days.",تطهير الغرور لمدة 7 أيام,لمدة أسبوع، تخلص من الغرور والاهتمام المفرط بالمظهر.,Nettoyage de vanité de 7 jours,"Pendant une semaine, éliminez la vanité et l'attention excessive à l'apparence."
challenge-pride-advice-01,nose,refusing_advice,1,easy,Accept One Correction,"Today, if someone corrects you — even if harsh — take it gently. Say thank you.",تقبل تصحيح واحد,اليوم، تقبل نصيحة أو تصحيح من شخص بصدر رحب.,Accepter une correction,"Aujourd'hui, acceptez un conseil ou une correction de quelqu'un avec ouverture d'esprit."
challenge-pride-advice-02,nose,refusing_advice,3,medium,Ask for Feedback – 3 Days,"Ask someone you trust for sincere advice, and receive it silently. Reflect deeply.",اطلب التغذية الراجعة - 3 أيام,اطلب نصيحة أو تغذية راجعة من شخص تثق به.,Demandez des commentaires - 3 jours,Demandez conseil ou feedback à quelqu'un en qui vous avez confiance.
challenge-pride-advice-03,nose,refusing_advice,7,hard,7-Day Openness to Correction,"Each day, welcome advice. Keep a journal of what you hear without justifying yourself.",7 أيام من الانفتاح على التصحيح,لمدة أسبوع، كن منفتحاً على النقد البناء والتصحيح.,7 jours d'ouverture à la correction,"Pendant une semaine, soyez ouvert à la critique constructive et à la correction."
challenge-pride-apologise-01,nose,refusing_to_apologise,1,easy,One Sincere Apology,Find someone you've wronged — however small — and apologise with sincerity.,اعتذار صادق واحد,اليوم، قدم اعتذاراً صادقاً لشخص أخطأت في حقه.,Une excuse sincère,"Aujourd'hui, présentez des excuses sincères à quelqu'un envers qui vous avez eu tort."
challenge-pride-apologise-02,nose,refusing_to_apologise,3,medium,3 Days of Softness,"If you're confronted, respond without ego. Apologise even when it stings.",3 أيام من الرقة,لمدة 3 أيام، تعامل مع الجميع برقة وتواضع.,3 jours de douceur,"Pendant 3 jours, traitez tout le monde avec douceur et humilité."
challenge-pride-apologise-03,nose,refusing_to_apologise,7,medium,7-Day Pride Detox,"For 7 days, actively look for moments to say: 'I was wrong' or 'I'm sorry.' Let your heart soften.",تخلص من الكبر لمدة 7 أيام,لمدة أسبوع، تخلص من الكبر والعناد.,Détox d'orgueil de 7 jours,"Pendant une semaine, éliminez l'orgueil et l'entêtement."
challenge-pride-praise-01,nose,seeking_praise,1,easy,Do It in Secret,"Today, do one good deed and actively hide it. No sharing. No reward but Allah.",افعلها في السر,اليوم، افعل شيئاً جيداً في السر لا يعرفه أحد غير الله.,Faites-le en secret,"Aujourd'hui, faites quelque chose de bien en secret que personne ne connaît sauf Allah."
challenge-pride-praise-02,nose,seeking_praise,3,medium,No Praise Check – 3 Days,Don't check social media or ask how people responded to your words or efforts.,فحص عدم المدح - 3 أيام,لمدة 3 أيام، تجنب طلب المدح أو الثناء.,Vérification sans éloge - 3 jours,"Pendant 3 jours, évitez de chercher des éloges ou des compliments."
challenge-pride-praise-03,nose,seeking_praise,14,hard,14-Day Fame Cleanse,"For two weeks, detach from the need for recognition. Be silent and unseen, for Allah alone.",تطهير الشهرة لمدة 14 يوماً,لمدة أسبوعين، تخلص من حب الشهرة والظهور.,Nettoyage de célébrité de 14 jours,"Pendant deux semaines, éliminez l'amour de la célébrité et de l'apparence."
challenge-pride-condescension-01,nose,condescension,1,easy,One Gesture of Equality,"Today, sit, eat, or walk with someone whom others usually overlook.",إيماءة مساواة واحدة,اليوم، أظهر إيماءة واحدة تؤكد المساواة مع شخص تعتبره 'أقل منك'.,Un geste d'égalité,"Aujourd'hui, montrez un geste qui affirme l'égalité avec quelqu'un que vous considérez comme 'inférieur'."
challenge-pride-condescension-02,nose,condescension,3,medium,3-Day Language Watch,Avoid all belittling words — even in tone or implication — for 3 days.,مراقبة اللغة لمدة 3 أيام,لمدة 3 أيام، راقب لغتك وتجنب الكلام المتعالي.,Surveillance du langage de 3 jours,"Pendant 3 jours, surveillez votre langage et évitez les paroles condescendantes."
challenge-pride-condescension-03,nose,condescension,7,medium,7-Day Respect Practice,Speak to everyone as if they were spiritually higher than you. Let it reshape your manner.,7 أيام من ممارسة الاحترام,لمدة أسبوع، تعامل مع الجميع باحترام وتواضع.,7 jours de pratique du respect,"Pendant une semaine, traitez tout le monde avec respect et humilité."
challenge-stomach-overeating-01,stomach,overeating,1,easy,Stop at Two-Thirds,"Today, stop eating when you feel satisfied — not full. Leave room for breath and barakah.",توقف عند الثلثين,اليوم، توقف عن الأكل عندما تشعر بالشبع — وليس الامتلاء. اترك مجالاً للنفس والبركة.,Arrêtez-vous aux deux tiers,"Aujourd'hui, arrêtez de manger quand vous vous sentez satisfait — pas rassasié. Laissez de la place pour le souffle et la barakah."
challenge-stomach-overeating-02,stomach,overeating,3,medium,Portion Mindfulness – 3 Days,Use smaller plates or take half your usual portion for the next three days.,وعي الحصص – 3 أيام,استخدم أطباقاً أصغر أو خذ نصف حصتك المعتادة للأيام الثلاثة القادمة.,Conscience des portions – 3 jours,Utilisez des assiettes plus petites ou prenez la moitié de votre portion habituelle pendant les trois prochains jours.
challenge-stomach-overeating-03,stomach,overeating,7,medium,7-Day Moderation Reset,Eat moderately and avoid second helpings for an entire week. Reflect daily.,إعادة تعيين الاعتدال لمدة 7 أيام,لمدة أسبوع، تدرب على الأكل المعتدل والمتوازن.,Réinitialisation de modération de 7 jours,"Pendant une semaine, pratiquez une alimentation modérée et équilibrée."
challenge-stomach-distracted-01,stomach,eating_while_distracted,1,easy,No Screens at Mealtime,"Today, eat one full meal without your phone, TV, or any distraction.",لا شاشات عند وقت الطعام,اليوم، تناول وجبة كاملة بدون هاتفك أو التلفزيون أو أي إلهاء.,Pas d'écrans à l'heure du repas,"Aujourd'hui, prenez un repas complet sans votre téléphone, TV ou toute distraction."
challenge-stomach-distracted-02,stomach,eating_while_distracted,3,medium,Mindful Meals – 3 Days,Eat with full attention for 3 days. Chew slowly. Reflect on where your food came from.,وجبات بوعي - 3 أيام,لمدة 3 أيام، كل كل وجبة بوعي وتركيز كامل.,Repas conscients - 3 jours,"Pendant 3 jours, mangez chaque repas avec conscience et concentration complète."
challenge-stomach-distracted-03,stomach,eating_while_distracted,7,medium,7 Days of Presence,Avoid all multitasking while eating for 7 days. Practise gratitude and mindfulness.,7 أيام من الحضور,لمدة أسبوع، كن حاضراً بالكامل أثناء الأكل.,7 jours de présence,"Pendant une semaine, soyez complètement présent pendant les repas."
challenge-stomach-halal-income-01,stomach,halal_income_neglect,1,easy,Ask Before You Eat,"Before buying food today, reflect on where your income came from.",اسأل قبل أن تأكل,قبل شراء الطعام اليوم، تأمل في مصدر دخلك.,Demandez avant de manger,"Avant d'acheter de la nourriture aujourd'hui, réfléchissez à l'origine de vos revenus."
challenge-stomach-halal-income-02,stomach,halal_income_neglect,3,medium,3-Day Halal Reflection,Track your meals for 3 days. Reflect on the earnings that provided them.,تأمل الحلال لمدة 3 أيام,لمدة 3 أيام، تأمل في مصدر رزقك وتأكد من حلاله.,Réflexion halal de 3 jours,"Pendant 3 jours, réfléchissez à la source de votre subsistance et assurez-vous qu'elle est halal."
challenge-stomach-halal-income-03,stomach,halal_income_neglect,7,medium,7-Day Rizq Purity Challenge,"For 7 days, ask Allah to purify your provision and reflect on earning halal before every meal.",تحدي طهارة الرزق لمدة 7 أيام,لمدة أسبوع، تأكد من أن رزقك طاهر وحلال.,Défi de pureté de subsistance de 7 jours,"Pendant une semaine, assurez-vous que votre subsistance est pure et halal."
challenge-stomach-doubtful-01,stomach,doubtful_ingredients,1,easy,Check the Label,"Today, read every label before you buy. Avoid anything doubtful.",تحقق من التسمية,اليوم، اقرأ كل تسمية قبل أن تشتري. تجنب أي شيء مشكوك فيه.,Vérifiez l'étiquette,"Aujourd'hui, lisez chaque étiquette avant d'acheter. Évitez tout ce qui est douteux."
challenge-stomach-doubtful-02,stomach,doubtful_ingredients,3,medium,Doubt-Free Eating – 3 Days,Eat only from sources you are fully confident are halal for the next 3 days.,أكل خالي من الشك - 3 أيام,لمدة 3 أيام، تجنب كل طعام مشكوك في حلاله.,Alimentation sans doute - 3 jours,"Pendant 3 jours, évitez tout aliment douteux quant à sa licéité."
challenge-stomach-doubtful-03,stomach,doubtful_ingredients,7,medium,7 Days of Zahid Eating,Simplicity over risk. Eat plainly and avoid any product you're unsure about.,7 أيام من الأكل الزاهد,لمدة أسبوع، كل فقط ما تتيقن من حلاله.,7 jours d'alimentation ascétique,"Pendant une semaine, mangez seulement ce dont vous êtes certain de la licéité."
challenge-stomach-waste-01,stomach,food_waste,1,easy,Clear Your Plate,"Today, waste no food. Take what you can eat and finish it all.",Clear Your Plate,"Today, waste no food. Take what you can eat and finish it all.",Clear Your Plate,"Today, waste no food. Take what you can eat and finish it all."
challenge-stomach-waste-02,stomach,food_waste,3,medium,3-Day Food Honour,"For 3 days, save all leftovers and reuse them. Do not throw away edible food.",تكريم الطعام لمدة 3 أيام,لمدة 3 أيام، أكرم كل قطعة طعام ولا تضيع شيئاً.,Honneur alimentaire de 3 jours,"Pendant 3 jours, honorez chaque morceau de nourriture et ne gaspillez rien."
challenge-stomach-waste-03,stomach,food_waste,7,medium,7-Day Anti-Waste Audit,Track and reduce food waste for a week. Compost or donate when you can.,مراجعة مكافحة الإسراف لمدة 7 أيام,لمدة أسبوع، راجع عاداتك الغذائية وتجنب الإسراف.,Audit anti-gaspillage de 7 jours,"Pendant une semaine, examinez vos habitudes alimentaires et évitez le gaspillage."
challenge-stomach-emotional-01,stomach,emotional_eating,1,easy,Ask Before You Snack,"Before eating, ask: Am I hungry or just restless? Answer honestly today.",اسأل قبل أن تتناول وجبة خفيفة,اليوم، اسأل نفسك 'هل أنا جائع حقاً؟' قبل كل وجبة خفيفة.,Demandez avant de grignoter,"Aujourd'hui, demandez-vous 'Ai-je vraiment faim?' avant chaque collation."
challenge-stomach-emotional-02,stomach,emotional_eating,3,medium,3-Day Intent Tracker,Write down every time you eat emotionally over the next 3 days. Reflect honestly.,متتبع النية لمدة 3 أيام,لمدة 3 أيام، تتبع نيتك وراء كل وجبة.,Traceur d'intention de 3 jours,"Pendant 3 jours, suivez votre intention derrière chaque repas."
challenge-stomach-emotional-03,stomach,emotional_eating,7,medium,7 Days of Soul Nourishment,"Turn emotional hunger into spiritual practice. Pray, journal, or breathe before snacking.",7 أيام من تغذية الروح,لمدة أسبوع، اطعم روحك بالذكر والقرآن أكثر من طعام الجسد.,7 jours de nourriture de l'âme,"Pendant une semaine, nourrissez votre âme avec le dhikr et le Coran plus que la nourriture du corps."
challenge-stomach-intention-01,stomach,neglecting_intention,1,easy,Say Bismillah,"Before every meal today, say 'Bismillah' and intend to strengthen yourself for good deeds.",قل بسم الله,قل بسم الله قبل كل وجبة وشراب اليوم.,Dites Bismillah,Dites Bismillah avant chaque repas et boisson aujourd'hui.
challenge-stomach-intention-02,stomach,neglecting_intention,3,medium,3-Day Du'a Habit,Make du'a before and after meals for 3 days. Let eating be worship.,عادة الدعاء لمدة 3 أيام,لمدة 3 أيام، اجعل الدعاء قبل وبعد الأكل عادة.,Habitude de du'a de 3 jours,"Pendant 3 jours, faites de la du'a avant et après les repas une habitude."
challenge-stomach-intention-03,stomach,neglecting_intention,7,medium,7-Day Sacred Eating,Eat with full presence and gratitude. Remember Allah at the start and end of every meal.,7 أيام من الأكل المقدس,لمدة أسبوع، اجعل كل وجبة عبادة بالنية والدعاء.,7 jours d'alimentation sacrée,"Pendant une semaine, faites de chaque repas un acte d'adoration avec intention et du'a."
challenge-tongue-lying-01,tongue,lying,1,easy,No Lies for 24 Hours,Make it through one full day without a single lie — not even a small one.,لا كذب لمدة 24 ساعة,اجتز يوماً كاملاً دون كذبة واحدة — ولا حتى صغيرة.,Pas de mensonges pendant 24 heures,Passez une journée complète sans un seul mensonge — pas même un petit.
challenge-tongue-lying-02,tongue,lying,1,easy,Truth Audit,"Before sleeping, review your conversations. Were you fully honest? Reflect and write in your journal.",مراجعة الصدق,قبل النوم، راجع محادثاتك. هل كنت صادقاً تماماً؟ تأمل واكتب في يومياتك.,Audit de vérité,"Avant de dormir, passez en revue vos conversations. Avez-vous été entièrement honnête? Réfléchissez et écrivez dans votre journal."
challenge-tongue-lying-03,tongue,lying,1,easy,Correct a Past Lie,Reach out to someone and correct something dishonest you've said before. Seek Allah's forgiveness.,صحح كذبة سابقة,تواصل مع شخص وصحح شيئاً غير صادق قلته من قبل. اطلب مغفرة الله.,Corrigez un mensonge passé,Contactez quelqu'un et corrigez quelque chose de malhonnête que vous avez dit auparavant. Demandez le pardon d'Allah.
challenge-tongue-backbiting-01,tongue,backbiting,1,easy,Leave the Room (Literally or Virtually),"If someone starts backbiting, remove yourself — respectfully. One-time challenge.",اترك الغرفة (حرفياً أو افتراضياً),إذا بدأ أحد بالغيبة، اخرج من المكان — باحترام. تحدي لمرة واحدة.,Quittez la pièce (littéralement ou virtuellement),"Si quelqu'un commence à médire, retirez-vous — respectueusement. Défi unique."
challenge-tongue-backbiting-02,tongue,backbiting,1,easy,Defend Their Honour,Say one good thing about someone being backbitten. Flip the tone of the conversation.,ادافع عن شرفهم,قل شيئاً جيداً عن شخص يُغتاب. اعكس نبرة المحادثة.,Défendez leur honneur,Dites quelque chose de bien sur quelqu'un qui est médisant. Changez le ton de la conversation.
challenge-tongue-backbiting-03,tongue,backbiting,1,easy,Fast From Gossip,"For the next 3 hours, no gossip. No stories about anyone else. See how long you can last.",صيام من النميمة,للثلاث ساعات القادمة، لا نميمة. لا قصص عن أي شخص آخر. انظر كم من الوقت يمكنك الصمود.,Jeûne des commérages,"Pour les 3 prochaines heures, pas de ragots. Pas d'histoires sur qui que ce soit d'autre. Voyez combien de temps vous pouvez tenir."
challenge-tongue-slander-01,tongue,slander,1,easy,Pause Before You Speak,"Any time you speak today, pause for 3 seconds before repeating something about someone else.",توقف قبل أن تتكلم,اليوم، توقف وفكر قبل أن تقول أي شيء قد يضر بسمعة شخص.,Pause avant de parler,"Aujourd'hui, arrêtez-vous et réfléchissez avant de dire quoi que ce soit qui pourrait nuire à la réputation de quelqu'un."
challenge-tongue-slander-02,tongue,slander,1,easy,Delete the Message,"Delete a message or post that could misrepresent someone, even slightly. Don't spread doubt.",احذف الرسالة,إذا كتبت رسالة غاضبة أو قاسية اليوم، احذفها بدلاً من إرسالها.,Supprimez le message,"Si vous écrivez un message en colère ou dur aujourd'hui, supprimez-le au lieu de l'envoyer."
challenge-tongue-slander-03,tongue,slander,1,easy,Say 'I Don't Know',"When unsure, say 'I don't know' today. Resist the urge to fill gaps with assumptions.",قل 'لا أعرف',اليوم، إذا سئلت عن شيء لا تعرفه، قل 'لا أعرف' بدلاً من التخمين.,Dites 'Je ne sais pas',"Aujourd'hui, si on vous demande quelque chose que vous ne savez pas, dites 'Je ne sais pas' au lieu de deviner."
challenge-tongue-mockery-01,tongue,mockery,1,easy,Be the Gentle One,"Speak kindly today. Avoid all sarcasm, imitations, and subtle mocking.",كن الشخص اللطيف,اليوم، كن الشخص الذي يهدئ الموقف بدلاً من السخرية.,Soyez la personne douce,"Aujourd'hui, soyez la personne qui calme la situation au lieu de se moquer."
challenge-tongue-mockery-02,tongue,mockery,1,easy,Silent Smile,"Today, when tempted to joke at someone's expense — smile instead. Let it pass.",ابتسامة صامتة,اليوم، رد على الإهانة بابتسامة صامتة وادع للشخص في قلبك.,Sourire silencieux,"Aujourd'hui, répondez à l'insulte par un sourire silencieux et priez pour la personne dans votre cœur."
challenge-tongue-mockery-03,tongue,mockery,1,easy,Compliment the One You Mock,"Think of someone you've mocked. Privately make dua for them. Optionally, offer praise to their face.",امدح من تسخر منه,لمدة أسبوعين، امدح شخصاً بدلاً من السخرية منه.,Complimentez celui dont vous vous moquez,"Pendant deux semaines, complimentez quelqu'un au lieu de vous moquer de lui."
challenge-tongue-idle-01,tongue,idle,1,easy,Three Sacred Silences,"For today, find 3 moments to consciously be silent when you would normally speak unnecessarily.",ثلاثة صمت مقدسة,اليوم، التزم الصمت في ثلاث مناسبات حيث كنت ستتكلم بلا فائدة.,Trois silences sacrés,"Aujourd'hui, gardez le silence dans trois occasions où vous auriez parlé sans utilité."
challenge-tongue-idle-02,tongue,idle,7,medium,Intentional Speech Week,"For 7 days, try to speak only when you have clear purpose or benefit. Reflect at day's end.",أسبوع الكلام المقصود,لمدة أسبوع، تكلم فقط عندما يكون لكلامك فائدة واضحة.,Semaine de parole intentionnelle,"Pendant une semaine, parlez seulement quand vos paroles ont un bénéfice clair."
challenge-tongue-idle-03,tongue,idle,3,medium,Silent Mornings,"For the next 3 days, remain silent after Fajr until breakfast unless necessary.",صباح صامت,اليوم، ابدأ صباحك بساعة من الصمت والتأمل.,Matins silencieux,"Aujourd'hui, commencez votre matinée par une heure de silence et de réflexion."
challenge-tongue-flattery-01,tongue,false_praise,1,easy,Truthful Compliments Only,"Today, only give compliments you mean. No flattery. No exaggeration.",مجاملات صادقة فقط,اليوم، قل فقط المجاملات الصادقة والصحيحة.,Compliments véridiques seulement,"Aujourd'hui, ne dites que des compliments sincères et vrais."
challenge-tongue-flattery-02,tongue,false_praise,7,medium,Authenticity Practice – 7 Days,Avoid insincere compliments or strategic praise for 7 days. Honour truth in every word.,ممارسة الأصالة - 7 أيام,لمدة 7 أيام، كن صادقاً في مدحك وتجنب المجاملات المفرطة.,Pratique d'authenticité - 7 jours,"Pendant 7 jours, soyez sincère dans vos éloges et évitez les flatteries excessives."
challenge-tongue-flattery-03,tongue,false_praise,14,hard,14-Day Praise Cleanse,"For 14 days, be mindful of any praise you offer. Let it be genuine and spiritually safe.",تطهير المدح لمدة 14 يوماً,لمدة أسبوعين، طهر مدحك من المجاملات الفارغة.,Nettoyage d'éloge de 14 jours,"Pendant deux semaines, purifiez vos éloges des compliments vides."
challenge-tongue-secrets-01,tongue,exposing_secrets,1,easy,Zip the Lips,Do not reveal anything personal you know about others for 24 hours. Not even hints.,اقفل شفتيك,اليوم، التزم الصمت عندما تشعر بالرغبة في قول شيء سلبي.,Fermez les lèvres,"Aujourd'hui, restez silencieux quand vous ressentez l'envie de dire quelque chose de négatif."
challenge-tongue-secrets-02,tongue,exposing_secrets,7,medium,Safeguard the Trust,"For 7 days, reflect on whether you speak from trust. Record slips and ask Allah for restraint.",احفظ الأمانة,اليوم، احفظ كل أمانة وسر أوكل إليك.,Protégez la confiance,"Aujourd'hui, protégez chaque confiance et secret qui vous est confié."
challenge-tongue-secrets-03,tongue,exposing_secrets,3,medium,Honour the Private,"If you've recently shared something private, contact that person to affirm your trust.",أكرم الخاص,اليوم، احترم خصوصية الآخرين ولا تفشِ أسرارهم.,Honorez le privé,"Aujourd'hui, respectez la vie privée des autres et ne révélez pas leurs secrets."
challenge-tongue-vulgar-01,tongue,vulgarity,1,easy,Refined Language Day,"No swearing, rough words, or aggressive tone for 24 hours. Use words of mercy and dignity.",يوم اللغة المهذبة,اليوم، استخدم لغة مهذبة ونظيفة في كل محادثاتك.,Jour de langage raffiné,"Aujourd'hui, utilisez un langage raffiné et propre dans toutes vos conversations."
challenge-tongue-vulgar-02,tongue,vulgarity,7,medium,Speak Like a Believer – 7 Days,"For a full week, monitor your speech tone and purity. Use reminders and daily du'a for control.",تكلم كالمؤمن - 7 أيام,لمدة 7 أيام، اجعل كلامك يليق بالمؤمن.,Parlez comme un croyant - 7 jours,"Pendant 7 jours, faites que votre discours convienne à un croyant."
challenge-tongue-vulgar-03,tongue,vulgarity,14,hard,14-Day Clean Speech Reset,"Avoid all profanity, innuendo, or hostile tone for 14 days. Let your words carry the fragrance of mercy.",إعادة تعيين الكلام النظيف لمدة 14 يوماً,لمدة أسبوعين، اعيد تعيين لغتك إلى الكلام النظيف والطاهر.,Réinitialisation du discours propre de 14 jours,"Pendant deux semaines, réinitialisez votre langage vers un discours propre et pur."
challenge-tongue-arguing-01,tongue,arguing,1,easy,Let It Go (Once),Walk away from one argument today — even if you're right. Choose peace over ego.,اتركها (مرة واحدة),اليوم، اترك شيئاً واحداً كان يؤذيك واعف عنه.,Laissez tomber (une fois),"Aujourd'hui, laissez tomber une chose qui vous blessait et pardonnez-la."
challenge-tongue-arguing-02,tongue,arguing,7,medium,7 Days of Calm Speech,Refrain from raising your voice or arguing for 7 days. Choose stillness over combativeness.,7 أيام من الكلام الهادئ,لمدة أسبوع، تكلم بهدوء وتجنب الجدال.,7 jours de parole calme,"Pendant une semaine, parlez calmement et évitez les disputes."
challenge-tongue-arguing-03,tongue,arguing,14,hard,14-Day Dispute Detox,"Avoid all disputes — verbal, online, or passive-aggressive — for 14 days. Replace with du'a.",تخلص من الجدال لمدة 14 يوماً,لمدة أسبوعين، تجنب الجدال والمناقشات العقيمة.,Détox de dispute de 14 jours,"Pendant deux semaines, évitez les disputes et les discussions stériles."
challenge-zina-flirt-01,zina,flirtatious_speech,1,easy,Guard Your Words,"Today, avoid flirtatious or suggestive language in all conversations — online or in person.",احرس كلماتك,اليوم، تجنب اللغة المغازلة أو الموحية في جميع المحادثات — على الإنترنت أو وجهاً لوجه.,Gardez vos mots,"Aujourd'hui, évitez le langage flirteur ou suggestif dans toutes les conversations — en ligne ou en personne."
challenge-zina-flirt-02,zina,flirtatious_speech,3,medium,3-Day Speech Purity,Speak respectfully and modestly for 3 days. Avoid playful messaging that crosses limits.,طهارة الكلام لمدة 3 أيام,تحدث باحترام وتواضع لمدة 3 أيام. تجنب الرسائل المرحة التي تتجاوز الحدود.,Pureté de parole de 3 jours,Parlez respectueusement et modestement pendant 3 jours. Évitez les messages ludiques qui dépassent les limites.
challenge-zina-flirt-03,zina,flirtatious_speech,7,medium,7-Day Messaging Cleanse,Avoid texting or speaking with romantic intent to anyone outside of marriage for 7 days.,تطهير الرسائل لمدة 7 أيام,لمدة أسبوع، طهر رسائلك من كل ما يثير الفتنة.,Nettoyage de messagerie de 7 jours,"Pendant une semaine, purifiez vos messages de tout ce qui éveille la tentation."
challenge-zina-privacy-01,zina,private_contact,1,easy,Respect Personal Boundaries,Do not place yourself in a one-on-one private setting with a non-mahram today.,احترم الحدود الشخصية,لا تضع نفسك في إطار خاص وجهاً لوجه مع غير محرم اليوم.,Respectez les limites personnelles,Ne vous placez pas dans un cadre privé en tête-à-tête avec un non-mahram aujourd'hui.
challenge-zina-privacy-02,zina,private_contact,3,medium,3-Day Halwa Barrier,"Avoid all private, unsupervised contact with the opposite gender for 3 days.",حاجز الخلوة لمدة 3 أيام,لمدة 3 أيام، تجنب الخلوة مع الأجانب.,Barrière d'intimité de 3 jours,"Pendant 3 jours, évitez l'intimité avec les étrangers."
challenge-zina-privacy-03,zina,private_contact,7,medium,7 Days of Honour,Protect your dignity and that of others by avoiding any risky proximity for 7 days.,7 أيام من الشرف,لمدة أسبوع، احتفظ بشرفك وتجنب المواقف المشبوهة.,7 jours d'honneur,"Pendant une semaine, préservez votre honneur et évitez les situations suspectes."
challenge-zina-media-01,zina,romantic_media,1,easy,Skip the Scene,"Today, fast-forward or avoid any sexualised scene in shows, music, or books.",تجاهل المشهد,اليوم، تسريع أو تجنب أي مشهد جنسي في البرامج أو الموسيقى أو الكتب.,Ignorez la scène,"Aujourd'hui, avancez rapidement ou évitez toute scène sexualisée dans les émissions, la musique ou les livres."
challenge-zina-media-02,zina,romantic_media,3,medium,3-Day Content Reset,"Avoid all romantic or sensual entertainment — music, video, novels — for 3 days.",إعادة تعيين المحتوى لمدة 3 أيام,لمدة 3 أيام، اعيد تعيين المحتوى الذي تستهلكه إلى الحلال.,Réinitialisation du contenu de 3 jours,"Pendant 3 jours, réinitialisez le contenu que vous consommez vers le halal."
challenge-zina-media-03,zina,romantic_media,7,medium,7-Day Desire Detox,"Cleanse your media intake. Focus on modest, inspiring content only for 7 days.",تخلص من الرغبة لمدة 7 أيام,لمدة أسبوع، تخلص من المحتوى الذي يثير الرغبات المحرمة.,Détox de désir de 7 jours,"Pendant une semaine, éliminez le contenu qui éveille les désirs interdits."
challenge-zina-fantasy-01,zina,fantasising,1,easy,Shift the Thought,"Today, when a lustful thought arises, immediately make dhikr or say a du'a of protection.",غير الفكرة,اليوم، كلما جاءتك فكرة سيئة، غيرها إلى فكرة طيبة.,Changez la pensée,"Aujourd'hui, chaque fois qu'une mauvaise pensée vous vient, changez-la en une bonne pensée."
challenge-zina-fantasy-02,zina,fantasising,3,medium,3-Day Mind Rewire,Actively replace indecent thoughts with thoughts of Jannah or death for 3 days.,إعادة توصيل العقل لمدة 3 أيام,لمدة 3 أيام، اعيد توصيل أفكارك نحو الطهارة.,Reconnexion mentale de 3 jours,"Pendant 3 jours, reconnectez vos pensées vers la pureté."
challenge-zina-fantasy-03,zina,fantasising,7,medium,7 Days of Thought Control,Guard your inner gaze. Monitor your thoughts and redirect temptations all week.,7 أيام من السيطرة على الأفكار,لمدة أسبوع، تحكم في أفكارك وتجنب الخيالات المحرمة.,7 jours de contrôle des pensées,"Pendant une semaine, contrôlez vos pensées et évitez les fantasmes interdits."
challenge-zina-social-01,zina,social_media,1,easy,Unfollow Temptation,"Today, unfollow any account that tempts you toward lust or comparison.",إلغاء متابعة الإغراء,اليوم، ألغ متابعة حساب أو مصدر يثير فيك الرغبات المحرمة.,Arrêtez de suivre la tentation,"Aujourd'hui, arrêtez de suivre un compte ou une source qui éveille en vous des désirs interdits."
challenge-zina-social-02,zina,social_media,3,medium,3-Day Scroll Purity,"For the next 3 days, limit screen time and avoid apps that encourage visual temptation.",طهارة التصفح لمدة 3 أيام,لمدة 3 أيام، تصفح وسائل التواصل بطهارة.,Pureté de défilement de 3 jours,"Pendant 3 jours, naviguez sur les réseaux sociaux avec pureté."
challenge-zina-social-03,zina,social_media,7,medium,7-Day Social Reset,Detox your digital space. Only allow feeds that remind you of modesty and sincerity.,إعادة تعيين وسائل التواصل لمدة 7 أيام,لمدة أسبوع، اعيد تعيين استخدامك لوسائل التواصل.,Réinitialisation sociale de 7 jours,"Pendant une semaine, réinitialisez votre utilisation des réseaux sociaux."
challenge-zina-companionship-01,zina,unlawful_relationship,1,easy,Cut the Thread,Mute or archive one chat that you know leads you to sin. Give yourself space today.,اقطع الخيط,اليوم، اقطع التواصل مع شخص يجرك إلى المعصية.,Coupez le fil,"Aujourd'hui, coupez la communication avec quelqu'un qui vous entraîne vers le péché."
challenge-zina-companionship-02,zina,unlawful_relationship,3,medium,3-Day Boundaries,Avoid replying or initiating flirtatious contact with any non-mahram for 3 days.,حدود لمدة 3 أيام,لمدة 3 أيام، ضع حدوداً واضحة في علاقاتك.,Limites de 3 jours,"Pendant 3 jours, établissez des limites claires dans vos relations."
challenge-zina-companionship-03,zina,unlawful_relationship,7,medium,7-Day Exit Strategy,Begin planning to end any illicit relationship. Make istighfar and write your intention.,استراتيجية الخروج لمدة 7 أيام,لمدة أسبوع، ضع استراتيجية للخروج من العلاقات المحرمة.,Stratégie de sortie de 7 jours,"Pendant une semaine, développez une stratégie pour sortir des relations interdites."
challenge-zina-hopelessness-01,zina,hopelessness,1,easy,Du'a of Hope,Read or listen to the du'a of Yunus (as) today. Reflect on its power to lift shame.,دعاء الأمل,اليوم، ادع دعاء الأمل والتوبة من القلب.,Du'a d'espoir,"Aujourd'hui, faites une du'a d'espoir et de repentir du cœur."
challenge-zina-hopelessness-02,zina,hopelessness,3,medium,3-Day Mercy Reminder,Repeat daily: 'Allah's mercy is greater than my sin.' Make sincere du'a each day.,تذكرة الرحمة لمدة 3 أيام,لمدة 3 أيام، تذكر رحمة الله وأنه يقبل التوبة.,Rappel de miséricorde de 3 jours,"Pendant 3 jours, rappelez-vous la miséricorde d'Allah et qu'Il accepte le repentir."
challenge-zina-hopelessness-03,zina,hopelessness,7,medium,7 Days of Returning,"For 7 days, pray 2 rak'at of tawbah and write one reflection on healing and hope.",7 أيام من العودة,لمدة أسبوع، عد إلى الله بالتوبة والاستغفار.,7 jours de retour,"Pendant une semaine, revenez à Allah avec repentir et demande de pardon."